<ActionMaps version="1" optionsVersion="2" rebindVersion="2" profileName="v08">
 <CustomisationUIHeader label="v08" description="" image="">
  <devices>
   <keyboard instance="1"/>
   <mouse instance="1"/>
   <gamepad instance="1"/>
   <joystick instance="1"/>
   <joystick instance="2"/>
   <joystick instance="3"/>
  </devices>
  <categories>
   <category label="@ui_CCSeatGeneral"/>
   <category label="@ui_CCSpaceFlight"/>
   <category label="@ui_CCTurrets"/>
   <category label="@ui_CGLightControllerDesc"/>
   <category label="@ui_CCFPS"/>
   <category label="@ui_CCVehicle"/>
   <category label="@ui_CGEASpectator"/>
   <category label="@ui_CGUIGeneral"/>
   <category label="@ui_CGOpticalTracking"/>
   <category label="@ui_CGInteraction"/>
   <category label="@ui_CCCamera"/>
  </categories>
 </CustomisationUIHeader>
 <deviceoptions name="Joystick (Razer Tartarus Pro)  {02441532-0000-0000-0000-504944564944}">
  <option input="x" deadzone="0"/>
  <option input="y" deadzone="0"/>
  <option input="rotx" deadzone="0.0198"/>
  <option input="z" deadzone="0.0198"/>
  <option input="roty" deadzone="0.0198"/>
  <option input="rotz" deadzone="0.0198"/>
 </deviceoptions>
 <deviceoptions name="Saitek Pro Flight X-56 Rhino Stick  {22210738-0000-0000-0000-504944564944}">
  <option input="x" deadzone="0"/>
  <option input="y" deadzone="0"/>
  <option input="rotx" deadzone="0.0098999999"/>
  <option input="roty" deadzone="0.0098999999"/>
  <option input="rotz" deadzone="0.0098999999"/>
 </deviceoptions>
 <deviceoptions name="Saitek Pro Flight X-56 Rhino Throttle  {A2210738-0000-0000-0000-504944564944}">
  <option input="rotx" deadzone="0.19799998"/>
  <option input="roty" deadzone="0.19799998"/>
  <option input="rotz" deadzone="0.19799998"/>
  <option input="slider1" deadzone="0.089099996"/>
  <option input="slider2" deadzone="0.098999992"/>
  <option input="z" deadzone="0.0297"/>
 </deviceoptions>
 <options type="keyboard" instance="1" Product="Keyboard  {6F1D2B61-D5A0-11CF-BFC7-444553540000}"/>
 <options type="gamepad" instance="1" Product="Controller (Gamepad)">
  <flight_view exponent="1"/>
 </options>
 <options type="joystick" instance="1" Product="Joystick (Razer Tartarus Pro)  {02441532-0000-0000-0000-504944564944}"/>
 <options type="joystick" instance="2" Product="Saitek Pro Flight X-56 Rhino Throttle  {A2210738-0000-0000-0000-504944564944}">
  <fps_move_longitudinal invert="1"/>
  <flight_move_strafe_vertical invert="1"/>
  <flight_move_strafe_longitudinal invert="1"/>
 </options>
 <options type="joystick" instance="3" Product="Saitek Pro Flight X-56 Rhino Stick  {22210738-0000-0000-0000-504944564944}"/>
 <modifiers />
 <actionmap name="seat_general">
  <action name="v_eject">
   <rebind input="kb1_ralt+semicolon"/>
  </action>
  <action name="v_emergency_exit">
   <rebind input="kb1_lctrl+z"/>
  </action>
  <action name="v_toggle_mining_mode">
   <rebind input="kb1_ "/>
   <rebind input="js2_ "/>
  </action>
  <action name="v_toggle_missile_mode">
   <rebind input="kb1_lalt+m"/>
   <rebind input="js3_button6"/>
  </action>
  <action name="v_toggle_quantum_mode">
   <rebind input="js2_button15"/>
  </action>
  <action name="v_toggle_scan_mode">
   <rebind input="kb1_ "/>
   <rebind input="js2_button13"/>
  </action>
  <action name="v_view_look_behind">
   <rebind input="kb1_pgup"/>
   <rebind input="js2_button28"/>
  </action>
 </actionmap>
 <actionmap name="spaceship_general">
  <action name="v_flightready">
   <rebind input="js2_button6"/>
  </action>
  <action name="v_self_destruct">
   <rebind input="kb1_ "/>
   <rebind input="js2_ "/>
  </action>
  <action name="v_toggle_all_doorlocks">
   <rebind input="js2_ "/>
  </action>
  <action name="v_toggle_all_doors">
   <rebind input="js2_button9"/>
  </action>
 </actionmap>
 <actionmap name="spaceship_view">
  <action name="v_view_cycle_fwd">
   <rebind input="js3_button4"/>
  </action>
  <action name="v_view_dynamic_zoom_rel_in">
   <rebind input="js2_button30"/>
  </action>
  <action name="v_view_dynamic_zoom_rel_out">
   <rebind input="js2_button31"/>
  </action>
  <action name="v_view_freelook_mode">
   <rebind input="js3_ "/>
  </action>
  <action name="v_view_mode">
   <rebind input="js2_ "/>
  </action>
  <action name="v_view_pitch">
   <rebind input="js3_roty"/>
  </action>
  <action name="v_view_yaw">
   <rebind input="js3_rotx"/>
  </action>
  <action name="v_view_zoom_in">
   <rebind input="js2_button30"/>
  </action>
  <action name="v_view_zoom_out">
   <rebind input="js2_button31"/>
  </action>
 </actionmap>
 <actionmap name="spaceship_movement">
  <action name="v_accel_range_abs">
   <rebind input="js2_rotz"/>
  </action>
  <action name="v_accel_range_rel">
   <rebind input="js2_ "/>
  </action>
  <action name="v_afterburner">
   <rebind input="kb1_capslock"/>
   <rebind input="js2_button4"/>
  </action>
  <action name="v_atc_request">
   <rebind input="js2_button11"/>
  </action>
  <action name="v_autoland">
   <rebind input="js2_ " activationMode="press"/>
  </action>
  <action name="v_ifcs_speed_limiter_reset_scm">
   <rebind input="js2_button5"/>
  </action>
  <action name="v_ifcs_toggle_cruise_control">
   <rebind input="js2_ "/>
  </action>
  <action name="v_ifcs_toggle_esp">
   <rebind input="js2_button33"/>
  </action>
  <action name="v_ifcs_toggle_gforce_safety">
   <rebind input="kb1_space"/>
   <rebind input="js2_ "/>
  </action>
  <action name="v_ifcs_toggle_speed_limiter">
   <rebind input="js2_button2"/>
  </action>
  <action name="v_ifcs_toggle_vector_decoupling">
   <rebind input="js2_button1"/>
  </action>
  <action name="v_lock_rotation">
   <rebind input="js2_ "/>
  </action>
  <action name="v_pitch">
   <rebind input="js3_y"/>
  </action>
  <action name="v_roll">
   <rebind input="js3_x"/>
  </action>
  <action name="v_space_brake">
   <rebind input="js2_button32"/>
  </action>
  <action name="v_speed_range_abs">
   <rebind input="js2_z"/>
  </action>
  <action name="v_speed_range_rel">
   <rebind input="js2_ "/>
  </action>
  <action name="v_strafe_back">
   <rebind input="kb1_ "/>
   <rebind input="js2_ "/>
  </action>
  <action name="v_strafe_down">
   <rebind input="js1_ "/>
  </action>
  <action name="v_strafe_forward">
   <rebind input="kb1_ "/>
   <rebind input="js2_ "/>
  </action>
  <action name="v_strafe_lateral">
   <rebind input="js2_rotx"/>
  </action>
  <action name="v_strafe_left">
   <rebind input="kb1_ "/>
   <rebind input="js1_ "/>
  </action>
  <action name="v_strafe_longitudinal">
   <rebind input="js2_x"/>
  </action>
  <action name="v_strafe_longitudinal_invert">
   <rebind input="js2_ "/>
  </action>
  <action name="v_strafe_right">
   <rebind input="kb1_ "/>
   <rebind input="js1_ "/>
  </action>
  <action name="v_strafe_up">
   <rebind input="kb1_lshift"/>
   <rebind input="js1_ "/>
  </action>
  <action name="v_strafe_vertical">
   <rebind input="js2_roty"/>
  </action>
  <action name="v_target_match_vel">
   <rebind input="js2_button29"/>
  </action>
  <action name="v_toggle_landing_system">
   <rebind input="js2_button10"/>
  </action>
  <action name="v_toggle_vtol">
   <rebind input="js2_ "/>
  </action>
  <action name="v_yaw">
   <rebind input="js3_rotz"/>
  </action>
 </actionmap>
 <actionmap name="spaceship_quantum">
  <action name="v_toggle_qdrive_engagement">
   <rebind input="js2_button14"/>
  </action>
 </actionmap>
 <actionmap name="spaceship_targeting">
  <action name="v_look_ahead_enable">
   <rebind input="kb1_left"/>
   <rebind input="js2_button17"/>
  </action>
  <action name="v_look_ahead_start_target_tracking">
   <rebind input="kb1_up"/>
   <rebind input="js2_button19"/>
  </action>
  <action name="v_target_cycle_reticle_mode">
   <rebind input="kb1_right"/>
   <rebind input="js2_button18"/>
  </action>
  <action name="v_target_lock_selected">
   <rebind input="kb1_rbracket"/>
   <rebind input="js3_button11"/>
  </action>
  <action name="v_target_pin_selected">
   <rebind input="js2_button24"/>
  </action>
  <action name="v_target_pin_selected_hold">
   <rebind input="js2_ "/>
  </action>
  <action name="v_target_toggle_lock_index_1">
   <rebind input="js2_ "/>
  </action>
  <action name="v_target_toggle_lock_index_2">
   <rebind input="js2_ "/>
  </action>
  <action name="v_target_toggle_lock_index_3">
   <rebind input="js2_ "/>
  </action>
  <action name="v_target_toggle_pin_index_1">
   <rebind input="kb1_ "/>
  </action>
  <action name="v_target_toggle_pin_index_1_hold">
   <rebind input="js2_ "/>
  </action>
  <action name="v_target_toggle_pin_index_2">
   <rebind input="kb1_ "/>
  </action>
  <action name="v_target_toggle_pin_index_2_hold">
   <rebind input="js2_ "/>
  </action>
  <action name="v_target_toggle_pin_index_3">
   <rebind input="kb1_ "/>
  </action>
  <action name="v_target_toggle_pin_index_3_hold">
   <rebind input="js2_ "/>
  </action>
  <action name="v_target_tracking_auto_zoom">
   <rebind input="kb1_down"/>
   <rebind input="js2_button16"/>
  </action>
  <action name="v_target_unlock_selected">
   <rebind input="kb1_lbracket"/>
   <rebind input="js3_button13"/>
  </action>
  <action name="v_target_unpin_selected">
   <rebind input="js2_ "/>
  </action>
 </actionmap>
 <actionmap name="spaceship_targeting_advanced">
  <action name="v_target_cycle_attacker_back">
   <rebind input="js3_button14"/>
  </action>
  <action name="v_target_cycle_attacker_fwd">
   <rebind input="js3_button12"/>
  </action>
  <action name="v_target_cycle_hostile_back">
   <rebind input="kb1_end"/>
  </action>
  <action name="v_target_cycle_hostile_fwd">
   <rebind input="kb1_home"/>
  </action>
  <action name="v_target_cycle_pinned_fwd">
   <rebind input="js3_ "/>
  </action>
  <action name="v_target_cycle_selection_back">
   <rebind input="kb1_comma"/>
   <rebind input="js3_button10"/>
  </action>
  <action name="v_target_cycle_selection_fwd">
   <rebind input="kb1_period"/>
   <rebind input="js3_button8"/>
  </action>
  <action name="v_target_cycle_subitem_fwd">
   <rebind input="js2_ "/>
  </action>
  <action name="v_target_cycle_subitem_reset">
   <rebind input="js2_ "/>
  </action>
 </actionmap>
 <actionmap name="spaceship_radar">
  <action name="v_dec_ping_focus_angle">
   <rebind input="kb1_s"/>
   <rebind input="js2_ "/>
  </action>
  <action name="v_inc_ping_focus_angle">
   <rebind input="kb1_w"/>
   <rebind input="js2_ "/>
  </action>
  <action name="v_invoke_ping">
   <rebind input="js2_button28"/>
  </action>
 </actionmap>
 <actionmap name="spaceship_scanning">
  <action name="v_dec_scan_focus_level">
   <rebind defaultInput="mwheel_down" input="kb1_a"/>
   <rebind input="js2_button31"/>
  </action>
  <action name="v_inc_scan_focus_level">
   <rebind defaultInput="mwheel_up" input="kb1_d"/>
   <rebind input="js2_button30"/>
  </action>
  <action name="v_scanning_trigger_scan">
   <rebind input="js2_button12"/>
  </action>
 </actionmap>
 <actionmap name="spaceship_mining">
  <action name="v_decrease_mining_throttle">
   <rebind input="js3_button3"/>
  </action>
  <action name="v_increase_mining_throttle">
   <rebind input="js3_button2"/>
  </action>
  <action name="v_toggle_mining_laser_fire">
   <rebind input="js3_button1"/>
  </action>
  <action name="v_toggle_mining_laser_type">
   <rebind input="js3_button4"/>
  </action>
 </actionmap>
 <actionmap name="turret_movement">
  <action name="turret_pitch">
   <rebind input="js3_y"/>
  </action>
  <action name="turret_yaw">
   <rebind input="js3_x"/>
  </action>
 </actionmap>
 <actionmap name="spaceship_weapons">
  <action name="v_attack_group1">
   <rebind input="js3_button1"/>
  </action>
  <action name="v_attack_group2">
   <rebind input="js3_button5"/>
  </action>
  <action name="v_weapon_change_firemode">
   <rebind input="js3_button9"/>
  </action>
  <action name="v_weapon_cycle_aimmode">
   <rebind input="js3_button7"/>
  </action>
 </actionmap>
 <actionmap name="spaceship_missiles">
  <action name="v_weapon_cycle_missile_fwd">
   <rebind input="js3_button2"/>
  </action>
  <action name="v_weapon_launch_missile">
   <rebind input="js3_button1"/>
  </action>
  <action name="v_weapon_toggle_launch_missile">
   <rebind input="js3_button1"/>
  </action>
 </actionmap>
 <actionmap name="spaceship_defensive">
  <action name="v_weapon_countermeasure_decoy_launch">
   <rebind input="js3_button3"/>
  </action>
  <action name="v_weapon_countermeasure_noise_launch">
   <rebind input="js2_button3"/>
  </action>
 </actionmap>
 <actionmap name="vehicle_capacitor_assignment">
  <action name="v_capacitor_assignment_engine_combined_increase_max">
   <rebind input="js3_hat1_down"/>
  </action>
  <action name="v_capacitor_assignment_reset">
   <rebind input="js3_hat1_up"/>
  </action>
  <action name="v_capacitor_assignment_shield_combined_increase_max">
   <rebind input="js3_hat1_right"/>
  </action>
  <action name="v_capacitor_assignment_weapon_combined_increase_max">
   <rebind input="js3_hat1_left"/>
  </action>
 </actionmap>
 <actionmap name="spaceship_power">
  <action name="v_power_throttle_max">
   <rebind input="js1_ " activationMode="press"/>
  </action>
  <action name="v_power_throttle_min">
   <rebind input="js1_ " activationMode="press"/>
  </action>
  <action name="v_power_toggle">
   <rebind input="js2_button7"/>
  </action>
  <action name="v_power_toggle_weapons">
   <rebind input="js2_ "/>
  </action>
 </actionmap>
 <actionmap name="spaceship_hud">
  <action name="v_cycle_pitch_ladder_mode">
   <rebind input="js2_ "/>
  </action>
  <action name="v_starmap">
   <rebind input="js2_ "/>
  </action>
  <action name="visor_wipe">
   <rebind input="kb1_f3"/>
  </action>
 </actionmap>
 <actionmap name="lights_controller">
  <action name="v_lights">
   <rebind input="js2_button8"/>
  </action>
 </actionmap>
 <actionmap name="player">
  <action name="customize">
   <rebind input="kb1_h"/>
  </action>
  <action name="drop">
   <rebind input="kb1_home"/>
  </action>
  <action name="gp_crouch">
   <rebind input="js2_button28"/>
  </action>
  <action name="gp_movex">
   <rebind input="js2_rotx"/>
  </action>
  <action name="gp_movey">
   <rebind input="js2_roty"/>
  </action>
  <action name="inspect">
   <rebind input="kb1_n"/>
  </action>
  <action name="jump">
   <rebind input="js2_button32"/>
  </action>
  <action name="prone">
   <rebind input="kb1_right"/>
   <rebind input="js2_button29"/>
  </action>
  <action name="selectUnarmedCombat">
   <rebind input="kb1_8"/>
  </action>
  <action name="selectUtilityItem">
   <rebind input="kb1_7"/>
  </action>
  <action name="sprint">
   <rebind input="js2_button4"/>
  </action>
  <action name="toggle_flashlight">
   <rebind input="kb1_b"/>
   <rebind input="js2_button5"/>
  </action>
  <action name="visor_wipe">
   <rebind input="kb1_p"/>
  </action>
  <action name="weapon_auxiliary_action">
   <rebind input="kb1_up"/>
  </action>
  <action name="weapon_change_firemode">
   <rebind input="kb1_down"/>
  </action>
  <action name="weapon_melee">
   <rebind input="mo1_mouse4"/>
  </action>
  <action name="weapon_zeroing_decrease">
   <rebind input="kb1_lshift+pgdn"/>
  </action>
  <action name="weapon_zeroing_increase">
   <rebind input="kb1_lshift+pgup"/>
  </action>
  <action name="zoom_in_out">
   <rebind input="kb1_mwheel_down"/>
  </action>
 </actionmap>
 <actionmap name="tractor_beam">
  <action name="tractor_beam_decrease_distance">
   <rebind input="js1_ "/>
  </action>
  <action name="tractor_beam_increase_distance">
   <rebind input="js1_ "/>
  </action>
 </actionmap>
 <actionmap name="vehicle_general">
  <action name="v_attack_group1">
   <rebind input="js3_button1"/>
  </action>
  <action name="v_attack_group2">
   <rebind input="js3_button5"/>
  </action>
  <action name="v_horn">
   <rebind input="js1_ "/>
  </action>
  <action name="v_view_cycle_fwd">
   <rebind input="js2_button23"/>
  </action>
  <action name="v_view_pitch">
   <rebind input="js1_ "/>
  </action>
  <action name="v_view_yaw">
   <rebind input="js1_ "/>
  </action>
  <action name="v_view_zoom_in">
   <rebind input="js2_button30"/>
  </action>
  <action name="v_view_zoom_out">
   <rebind input="js2_button31"/>
  </action>
 </actionmap>
 <actionmap name="vehicle_driver">
  <action name="v_boost">
   <rebind input="js1_ "/>
  </action>
  <action name="v_brake">
   <rebind input="js2_button1"/>
  </action>
  <action name="v_move">
   <rebind input="js3_y"/>
  </action>
  <action name="v_pitch">
   <rebind input="js3_y"/>
  </action>
  <action name="v_yaw">
   <rebind input="js3_rotz"/>
  </action>
 </actionmap>
 <actionmap name="spectator">
  <action name="spectate_next_target">
   <rebind input="js1_ "/>
  </action>
  <action name="spectate_prev_target">
   <rebind input="js1_ "/>
  </action>
  <action name="spectate_rotatepitch">
   <rebind input="js1_ "/>
  </action>
  <action name="spectate_rotatepitch_mouse">
   <rebind input="js3_y"/>
  </action>
  <action name="spectate_rotateyaw">
   <rebind input="js1_ "/>
  </action>
  <action name="spectate_rotateyaw_mouse">
   <rebind input="js3_x"/>
  </action>
  <action name="spectate_zoom_in">
   <rebind input="js1_ "/>
  </action>
  <action name="spectate_zoom_out">
   <rebind input="js1_ "/>
  </action>
 </actionmap>
 <actionmap name="default">
  <action name="respawn">
   <rebind input="js3_button1"/>
  </action>
 </actionmap>
 <actionmap name="ui_notification">
  <action name="ui_notification_accept">
   <rebind input="kb1_lshift+rbracket"/>
  </action>
  <action name="ui_notification_decline">
   <rebind input="kb1_lshift+lbracket"/>
  </action>
  <action name="ui_notification_ignore">
   <rebind input="kb1_8"/>
  </action>
 </actionmap>
 <actionmap name="player_input_optical_tracking">
  <action name="headtrack_camera_enabled">
   <rebind input="js2_button26"/>
  </action>
  <action name="headtrack_enabled">
   <rebind input="js2_button25"/>
  </action>
  <action name="headtrack_recenter_device">
   <rebind input="js2_button27"/>
  </action>
 </actionmap>
 <actionmap name="player_choice">
  <action name="pc_focus">
   <rebind input="kb1_f+mouse2"/>
   <rebind input="js2_button21"/>
  </action>
  <action name="pc_interaction_mode">
   <rebind input="js2_button23"/>
  </action>
  <action name="pc_item_primary">
   <rebind input="js3_ "/>
  </action>
  <action name="pc_item_secondary">
   <rebind input="js3_ "/>
  </action>
  <action name="pc_personal_back">
   <rebind input="js2_button22"/>
  </action>
  <action name="pc_personal_thought">
   <rebind input="kb1_pgdn"/>
   <rebind input="js2_button20"/>
  </action>
  <action name="pc_pit_weapons_systems">
   <rebind input="js2_ "/>
  </action>
  <action name="pc_qs_flight_mode">
   <rebind input="js2_ "/>
  </action>
  <action name="pc_qs_weapons_pistol">
   <rebind input="js2_ "/>
  </action>
  <action name="pc_screen_focus_down">
   <rebind input="kb1_ "/>
  </action>
  <action name="pc_screen_focus_left">
   <rebind input="kb1_ "/>
  </action>
  <action name="pc_screen_focus_right">
   <rebind input="kb1_ "/>
  </action>
  <action name="pc_screen_focus_up">
   <rebind input="kb1_ "/>
  </action>
  <action name="pc_select">
   <rebind input="js1_ "/>
  </action>
  <action name="pc_zoom_in">
   <rebind input="js2_button30"/>
  </action>
  <action name="pc_zoom_out">
   <rebind input="js2_button31"/>
  </action>
 </actionmap>
 <actionmap name="view_director_mode">
  <action name="view_fov_in">
   <rebind input="js3_hat1_up"/>
  </action>
  <action name="view_fov_out">
   <rebind input="js3_hat1_down"/>
  </action>
  <action name="view_move_target_Z_neg">
   <rebind input="kb1_lalt+down"/>
  </action>
  <action name="view_move_target_Z_pos">
   <rebind input="kb1_lalt+up"/>
  </action>
 </actionmap>
</ActionMaps>
